{"text": " Hello, this is Saurabh. Nice to meet you. Okay, I am also fine with talking in Hindi.", "segments": [{"id": 0, "seek": 0, "start": 0.0, "end": 9.0, "text": " Hello, this is Saurabh. Nice to meet you.", "tokens": [50365, 2425, 11, 341, 307, 318, 3463, 455, 71, 13, 5490, 281, 1677, 291, 13, 50815], "temperature": 0.0, "avg_logprob": -0.4131291071573893, "compression_ratio": 1.0240963855421688, "no_speech_prob": 2.889881389744886e-10}, {"id": 1, "seek": 0, "start": 17.0, "end": 21.0, "text": " Okay, I am also fine with talking in Hindi.", "tokens": [51215, 1033, 11, 286, 669, 611, 2489, 365, 1417, 294, 36225, 13, 51415], "temperature": 0.0, "avg_logprob": -0.4131291071573893, "compression_ratio": 1.0240963855421688, "no_speech_prob": 2.889881389744886e-10}], "language": "en"}